ISO 639-2 Code,ISO 639-1 Code,English name of Language,French name of Language,German name of Language,JW_for_iso1_status,JW_for_iso2_status,Does_have_bible
aar,aa,Afar,afar,Danakil-Sprache,Redirected to EN,Redirected to EN,0
abk,ab,Abkhazian,abkhaze,Abchasisch,Exists,Exists,1
ace,,Achinese,aceh,Aceh-Sprache,N/A,Redirected to EN,0
ach,,Acoli,acoli,Acholi-Sprache,N/A,Exists,1
ada,,Adangme,adangme,Adangme-Sprache,N/A,Exists,1
ady,,Adyghe; Adygei,adyghé,Adygisch,N/A,Exists,1
afa,,Afro-Asiatic languages,"afro-asiatiques, langues",Hamitosemitische Sprachen (Andere),N/A,Redirected to EN,0
afh,,Afrihili,afrihili,Afrihili,N/A,Redirected to EN,0
afr,af,Afrikaans,afrikaans,Afrikaans,Exists,Exists,1
ain,,Ainu,aïnou,Ainu-Sprache,N/A,Redirected to EN,0
aka,ak,Akan,akan,Akan-Sprache,Redirected to EN,Redirected to EN,0
akk,,Akkadian,akkadien,Akkadisch,N/A,Redirected to EN,0
alb (B)sqi (T),sq,Albanian,albanais,Albanisch,Exists,Redirected to EN,1
ale,,Aleut,aléoute,Aleutisch,N/A,Redirected to EN,0
alg,,Algonquian languages,"algonquines, langues",Algonkin-Sprachen (Andere),N/A,Redirected to EN,0
alt,,Southern Altai,altai du Sud,Altaisch,N/A,Exists,1
amh,am,Amharic,amharique,Amharisch,Exists,Exists,1
ang,,"English, Old (ca.450-1100)",anglo-saxon (ca.450-1100),Altenglisch,N/A,Redirected to EN,0
anp,,Angika,angika,Anga-Sprache,N/A,Redirected to EN,0
apa,,Apache languages,"apaches, langues",Apachen-Sprachen,N/A,Redirected to EN,0
ara,ar,Arabic,arabe,Arabisch,Exists,Exists,1
arc,,Official Aramaic (700-300 BCE); Imperial Aramaic (700-300 BCE),araméen d'empire (700-300 BCE),Aramäisch,N/A,Redirected to EN,0
arg,an,Aragonese,aragonais,Aragonesisch,Redirected to EN,Redirected to EN,0
arm (B)hye (T),hy,Armenian,arménien,Armenisch,Exists,Redirected to EN,1
arn,,Mapudungun; Mapuche,mapudungun; mapuche; mapuce,Arauka-Sprachen,N/A,Exists,1
arp,,Arapaho,arapaho,Arapaho-Sprache,N/A,Redirected to EN,0
art,,Artificial languages,"artificielles, langues",Kunstsprachen (Andere),N/A,Redirected to EN,0
arw,,Arawak,arawak,Arawak-Sprachen,N/A,Redirected to EN,0
asm,as,Assamese,assamais,Assamesisch,Exists,Exists,1
ast,,Asturian; Bable; Leonese; Asturleonese,asturien; bable; léonais; asturoléonais,Asturisch,N/A,Redirected to EN,0
ath,,Athapascan languages,"athapascanes, langues",Athapaskische Sprachen (Andere),N/A,Redirected to EN,0
aus,,Australian languages,"australiennes, langues",Australische Sprachen,N/A,Redirected to EN,0
ava,av,Avaric,avar,Awarisch,Exists,Exists,1
ave,ae,Avestan,avestique,Avestisch,Redirected to EN,Redirected to EN,0
awa,,Awadhi,awadhi,Awadhi,N/A,Exists,1
aym,ay,Aymara,aymara,Aymará-Sprache,Exists,Exists,1
aze,az,Azerbaijani,azéri,Aserbeidschanisch,Exists,Redirected to EN,1
bad,,Banda languages,"banda, langues",Banda-Sprachen (Ubangi-Sprachen),N/A,Redirected to EN,0
bai,,Bamileke languages,"bamiléké, langues",Bamileke-Sprachen,N/A,Redirected to EN,0
bak,ba,Bashkir,bachkir,Baschkirisch,Exists,Redirected to EN,1
bal,,Baluchi,baloutchi,Belutschisch,N/A,Redirected to EN,0
bam,bm,Bambara,bambara,Bambara-Sprache,Exists,Redirected to EN,1
ban,,Balinese,balinais,Balinesisch,N/A,Exists,1
baq (B)eus (T),eu,Basque,basque,Baskisch,Exists,Redirected to EN,1
bas,,Basa,basa,Basaa-Sprache,N/A,Exists,1
bat,,Baltic languages,"baltes, langues",Baltische Sprachen (Andere),N/A,Redirected to EN,0
bej,,Beja; Bedawiyet,bedja,Bedauye,N/A,Redirected to EN,0
bel,be,Belarusian,biélorusse,Weißrussisch,Exists,Redirected to EN,1
bem,,Bemba,bemba,Bemba-Sprache,N/A,Exists,1
ben,bn,Bengali,bengali,Bengali,Exists,Redirected to EN,1
ber,,Berber languages,"berbères, langues",Berbersprachen (Andere),N/A,Redirected to EN,0
bho,,Bhojpuri,bhojpuri,Bhojpuri,N/A,Exists,1
bih,,Bihari languages,langues biharis,Bihari (Andere),N/A,Redirected to EN,0
bik,,Bikol,bikol,Bikol-Sprache,N/A,Redirected to EN,0
bin,,Bini; Edo,bini; edo,Edo-Sprache,N/A,Exists,1
bis,bi,Bislama,bichlamar,Beach-la-mar,Exists,Redirected to EN,1
bla,,Siksika,blackfoot,Blackfoot-Sprache,N/A,Exists,1
bnt,,Bantu languages,"bantou, langues",Bantusprachen (Andere),N/A,Redirected to EN,0
tib (B)bod (T),bo,Tibetan,tibétain,Tibetisch,Exists,Redirected to EN,1
bos,bs,Bosnian,bosniaque,Bosnisch,Exists,Redirected to EN,1
bra,,Braj,braj,Braj-Bhakha,N/A,Redirected to EN,0
bre,br,Breton,breton,Bretonisch,Redirected to EN,Redirected to EN,0
btk,,Batak languages,"batak, langues",Batak-Sprache,N/A,Redirected to EN,0
bua,,Buriat,bouriate,Burjatisch,N/A,Redirected to EN,0
bug,,Buginese,bugi,Bugi-Sprache,N/A,Redirected to EN,0
bul,bg,Bulgarian,bulgare,Bulgarisch,Exists,Redirected to EN,1
bur (B)mya (T),my,Burmese,birman,Birmanisch,Exists,Redirected to EN,1
byn,,Blin; Bilin,blin; bilen,Bilin-Sprache,N/A,Redirected to EN,0
cad,,Caddo,caddo,Caddo-Sprachen,N/A,Redirected to EN,0
cai,,Central American Indian languages,"amérindiennes de l'Amérique centrale,  langues","Indianersprachen, Zentralamerika (Andere)",N/A,Redirected to EN,0
car,,Galibi Carib,karib; galibi; carib,Karibische Sprachen,N/A,Redirected to https://wol.jw.org/car-x-crb/wol/h/r578/lp-crb,0
cat,ca,Catalan; Valencian,catalan; valencien,Katalanisch,Redirected to https://wol.jw.org/es/wol/h/r4/lp-s,Exists,1
cau,,Caucasian languages,"caucasiennes, langues",Kaukasische Sprachen (Andere),N/A,Redirected to EN,0
ceb,,Cebuano,cebuano,Cebuano,N/A,Exists,1
cel,,Celtic languages,"celtiques, langues; celtes, langues",Keltische Sprachen (Andere),N/A,Redirected to EN,0
cze (B)ces (T),cs,Czech,tchèque,Tschechisch,Exists,Redirected to EN,1
cha,ch,Chamorro,chamorro,Chamorro-Sprache,Redirected to https://wol.jw.org/cmn-hant/wol/h/r24/lp-ch,Redirected to EN,0
chb,,Chibcha,chibcha,Chibcha-Sprachen,N/A,Redirected to EN,0
che,ce,Chechen,tchétchène,Tschetschenisch,Exists,Redirected to EN,1
chg,,Chagatai,djaghataï,Tschagataisch,N/A,Redirected to EN,0
chi (B)zho (T),zh,Chinese,chinois,Chinesisch,Redirected to https://wol.jw.org/cmn-hant/wol/h/r24/lp-ch,Redirected to EN,0
chk,,Chuukese,chuuk,Trukesisch,N/A,Exists,1
chm,,Mari,mari,Tscheremissisch,N/A,Redirected to EN,0
chn,,Chinook jargon,"chinook, jargon",Chinook-Jargon,N/A,Redirected to EN,0
cho,,Choctaw,choctaw,Choctaw-Sprache,N/A,Exists,1
chp,,Chipewyan; Dene Suline,chipewyan,Chipewyan-Sprache,N/A,Redirected to EN,0
chr,,Cherokee,cherokee,Cherokee-Sprache,N/A,Exists,1
chu,cu,Church Slavic; Old Slavonic; Church Slavonic; Old Bulgarian; Old Church Slavonic,slavon d'église; vieux slave; slavon liturgique; vieux bulgare,Kirchenslawisch,Redirected to EN,Redirected to EN,0
chv,cv,Chuvash,tchouvache,Tschuwaschisch,Exists,Redirected to EN,1
chy,,Cheyenne,cheyenne,Cheyenne-Sprache,N/A,Redirected to EN,0
cmc,,Chamic languages,"chames, langues",Cham-Sprachen,N/A,Redirected to EN,0
cnr,,Montenegrin,monténégrin,Montenegrinisch,N/A,Exists,1
cop,,Coptic,copte,Koptisch,N/A,Redirected to EN,0
cor,kw,Cornish,cornique,Kornisch,Redirected to EN,Redirected to EN,0
cos,co,Corsican,corse,Korsisch,Exists,Redirected to EN,1
cpe,,"Creoles and pidgins, English based",créoles et pidgins basés sur l'anglais,Kreolisch-Englisch (Andere),N/A,Redirected to EN,0
cpf,,"Creoles and pidgins, French-based",créoles et pidgins basés sur le français,Kreolisch-Französisch (Andere),N/A,Redirected to EN,0
cpp,,"Creoles and pidgins, Portuguese-based",créoles et pidgins basés sur le portugais,Kreolisch-Portugiesisch (Andere),N/A,Redirected to EN,0
cre,cr,Cree,cree,Cree-Sprache,Redirected to https://wol.jw.org/crk-latn/wol/h/r310/lp-cy,Redirected to https://wol.jw.org/csw-x-yc/wol/h/r1247/lp-yc,0
crh,,Crimean Tatar; Crimean Turkish,tatar de Crimé,Krimtatarisch,N/A,Redirected to https://wol.jw.org/crh-x-ctc/wol/h/r552/lp-ctc,0
crp,,Creoles and pidgins,créoles et pidgins,Kreolische Sprachen; Pidginsprachen (Andere),N/A,Redirected to EN,0
csb,,Kashubian,kachoube,Kaschubisch,N/A,Exists,1
cus,,Cushitic languages,"couchitiques,  langues",Kuschitische Sprachen (Andere),N/A,Redirected to EN,0
wel (B)cym (T),cy,Welsh,gallois,Kymrisch,Exists,Redirected to EN,1
cze (B)ces (T),cs,Czech,tchèque,Tschechisch,Exists,Redirected to EN,1
dak,,Dakota,dakota,Dakota-Sprache,N/A,Exists,1
dan,da,Danish,danois,Dänisch,Exists,Redirected to EN,1
dar,,Dargwa,dargwa,Darginisch,N/A,Exists,1
day,,Land Dayak languages,"dayak, langues",Dajakisch,N/A,Redirected to EN,0
del,,Delaware,delaware,Delaware-Sprache,N/A,Redirected to EN,0
den,,Slave (Athapascan),esclave (athapascan),Slave-Sprache,N/A,Redirected to EN,0
ger (B)deu (T),de,German,allemand,Deutsch,Exists,Redirected to EN,1
dgr,,Tlicho; Dogrib,tlicho; dogrib,Tlicho-Sprache; Dogrib-Sprache,N/A,Redirected to EN,0
din,,Dinka,dinka,Dinka-Sprache,N/A,Exists,1
div,dv,Divehi; Dhivehi; Maldivian,maldivien,Maledivisch,Redirected to EN,Redirected to EN,0
doi,,Dogri (macrolanguage),dogri,Dogri,N/A,Redirected to EN,0
dra,,Dravidian languages,"dravidiennes,  langues",Drawidische Sprachen (Andere),N/A,Redirected to EN,0
dsb,,Lower Sorbian,bas-sorabe,Niedersorbisch,N/A,Redirected to EN,0
dua,,Duala,douala,Duala-Sprachen,N/A,Exists,1
dum,,"Dutch, Middle (ca.1050-1350)",néerlandais moyen (ca. 1050-1350),Mittelniederländisch,N/A,Redirected to EN,0
dut (B)nld (T),nl,Dutch; Flemish,néerlandais; flamand,Niederländisch,Exists,Redirected to EN,1
dyu,,Dyula,dioula,Dyula-Sprache,N/A,Exists,1
dzo,dz,Dzongkha,dzongkha,Dzongkha,Redirected to EN,Redirected to https://wol.jw.org/dzo-tibt/wol/h/r1320/lp-dz,0
efi,,Efik,efik,Efik,N/A,Exists,1
egy,,Egyptian (Ancient),égyptien,Ägyptisch,N/A,Redirected to EN,0
eka,,Ekajuk,ekajuk,Ekajuk,N/A,Redirected to EN,0
gre (B)ell (T),el,Modern Greek (1453-),grec moderne (1453-),Neugriechisch,Exists,Redirected to EN,1
elx,,Elamite,élamite,Elamisch,N/A,Redirected to EN,0
eng,en,English,anglais,Englisch,Exists,Exists,1
enm,,"English, Middle (1100-1500)",anglais moyen (1100-1500),Mittelenglisch,N/A,Redirected to EN,0
epo,eo,Esperanto,espéranto,Esperanto,Redirected to EN,Redirected to EN,0
est,et,Estonian,estonien,Estnisch,Exists,Redirected to EN,1
baq (B)eus (T),eu,Basque,basque,Baskisch,Exists,Redirected to EN,1
ewe,ee,Ewe,éwé,Ewe-Sprache,Exists,Redirected to EN,1
ewo,,Ewondo,éwondo,Ewondo,N/A,Exists,1
fan,,Fang,fang,Pangwe-Sprache,N/A,Exists,1
fao,fo,Faroese,féroïen,Färöisch,Exists,Redirected to EN,1
per (B)fas (T),fa,Persian,persan,Persisch,Exists,Redirected to EN,1
fat,,Fanti,fanti,Fante-Sprache,N/A,Exists,1
fij,fj,Fijian,fidjien,Fidschi-Sprache,Exists,Redirected to EN,1
fil,,Filipino; Pilipino,filipino; pilipino,Pilipino,N/A,Redirected to EN,0
fin,fi,Finnish,finnois,Finnisch,Exists,Redirected to EN,1
fiu,,Finno-Ugrian languages,"finno-ougriennes,  langues",Finnougrische Sprachen (Andere),N/A,Redirected to EN,0
fon,,Fon,fon,Fon-Sprache,N/A,Exists,1
fre (B)fra (T),fr,French,français,Französisch,Exists,Redirected to EN,1
fre (B)fra (T),fr,French,français,Französisch,Exists,Redirected to EN,1
frm,,"French, Middle (ca.1400-1600)",français moyen (1400-1600),Mittelfranzösisch,N/A,Redirected to EN,0
fro,,"French, Old (842-ca.1400)",français ancien (842-ca.1400),Altfranzösisch,N/A,Redirected to EN,0
frr,,Northern Frisian,frison septentrional,Nordfriesisch,N/A,Redirected to EN,0
frs,,Eastern Frisian,frison oriental,Ostfriesisch,N/A,Redirected to EN,0
fry,fy,Western Frisian,frison occidental,Friesisch,Exists,Redirected to EN,1
ful,ff,Fulah,peul,Ful,Redirected to EN,Redirected to EN,0
fur,,Friulian,frioulan,Friulisch,N/A,Redirected to EN,0
gaa,,Ga,ga,Ga-Sprache,N/A,Exists,1
gay,,Gayo,gayo,Gayo-Sprache,N/A,Redirected to EN,0
gba,,Gbaya,gbaya,Gbaya-Sprache,N/A,Exists,1
gem,,Germanic languages,"germaniques, langues",Germanische Sprachen (Andere),N/A,Redirected to EN,0
geo (B)kat (T),ka,Georgian,géorgien,Georgisch,Exists,Redirected to EN,1
ger (B)deu (T),de,German,allemand,Deutsch,Exists,Redirected to EN,1
gez,,Geez,guèze,Altäthiopisch,N/A,Redirected to EN,0
gil,,Gilbertese,kiribati,Gilbertesisch,N/A,Exists,1
gla,gd,Gaelic; Scottish Gaelic,gaélique; gaélique écossais,Gälisch-Schottisch,Exists,Redirected to EN,1
gle,ga,Irish,irlandais,Irisch,Exists,Redirected to EN,1
glg,gl,Galician,galicien,Galicisch,Exists,Redirected to EN,1
glv,gv,Manx,manx; mannois,Manx,Redirected to EN,Redirected to EN,0
gmh,,"German, Middle High (ca.1050-1500)","allemand, moyen haut (ca. 1050-1500)",Mittelhochdeutsch,N/A,Redirected to EN,0
goh,,"German, Old High (ca.750-1050)","allemand, vieux haut (ca. 750-1050)",Althochdeutsch,N/A,Redirected to EN,0
gon,,Gondi,gond,Gondi-Sprache,N/A,Redirected to EN,0
gor,,Gorontalo,gorontalo,Gorontalesisch,N/A,Redirected to EN,0
got,,Gothic,gothique,Gotisch,N/A,Redirected to EN,0
grb,,Grebo,grebo,Grebo-Sprache,N/A,Exists,1
grc,,"Greek, Ancient (to 1453)",grec ancien (jusqu'à 1453),Griechisch,N/A,Redirected to EN,0
gre (B)ell (T),el,Modern Greek (1453-),grec moderne (1453-),Neugriechisch,Exists,Redirected to EN,1
grn,gn,Guarani,guarani,Guaraní-Sprache,Redirected to EN,Redirected to EN,0
gsw,,Swiss German; Alemannic; Alsatian,suisse alémanique; alémanique; alsacien,Schweizerdeutsch,N/A,Exists,1
guj,gu,Gujarati,goudjrati,Gujarati-Sprache,Exists,Redirected to EN,1
gwi,,Gwich'in,gwich'in,Kutchin-Sprache,N/A,Redirected to EN,0
hai,,Haida,haida,Haida-Sprache,N/A,Redirected to EN,0
hat,ht,Haitian; Haitian Creole,haïtien; créole haïtien,Haïtien (Haiti-Kreolisch),Exists,Exists,1
hau,ha,Hausa,haoussa,Haussa-Sprache,Exists,Redirected to EN,1
haw,,Hawaiian,hawaïen,Hawaiisch,N/A,Exists,1
heb,he,Hebrew,hébreu,Hebräisch,Exists,Redirected to EN,1
her,hz,Herero,herero,Herero-Sprache,Exists,Redirected to EN,1
hil,,Hiligaynon,hiligaynon,Hiligaynon-Sprache,N/A,Exists,1
him,,Himachali languages; Western Pahari languages,langues himachalis; langues paharis occidentales,Himachali,N/A,Redirected to EN,0
hin,hi,Hindi,hindi,Hindi,Exists,Redirected to EN,1
hit,,Hittite,hittite,Hethitisch,N/A,Redirected to EN,0
hmn,,Hmong; Mong,hmong,Miao-Sprachen,N/A,Exists,1
hmo,ho,Hiri Motu,hiri motu,Hiri-Motu,Exists,Redirected to EN,1
hrv,hr,Croatian,croate,Kroatisch,Exists,Redirected to EN,1
hsb,,Upper Sorbian,haut-sorabe,Obersorbisch,N/A,Redirected to EN,0
hun,hu,Hungarian,hongrois,Ungarisch,Exists,Redirected to EN,1
hup,,Hupa,hupa,Hupa-Sprache,N/A,Redirected to EN,0
arm (B)hye (T),hy,Armenian,arménien,Armenisch,Exists,Redirected to EN,1
iba,,Iban,iban,Iban-Sprache,N/A,Exists,1
ibo,ig,Igbo,igbo,Ibo-Sprache,Exists,Redirected to EN,1
ice (B)isl (T),is,Icelandic,islandais,Isländisch,Exists,Redirected to EN,1
ido,io,Ido,ido,Ido,Redirected to EN,Redirected to EN,0
iii,ii,Sichuan Yi; Nuosu,yi de Sichuan,Lalo-Sprache,Redirected to EN,Redirected to EN,0
ijo,,Ijo languages,"ijo, langues",Ijo-Sprache,N/A,Redirected to EN,0
iku,iu,Inuktitut,inuktitut,Inuktitut,Exists,Redirected to EN,1
ile,ie,Interlingue; Occidental,interlingue,Interlingue,Redirected to EN,Redirected to EN,0
ilo,,Iloko,ilocano,Ilokano-Sprache,N/A,Exists,1
ina,ia,Interlingua (International Auxiliary Language Association),interlingua (langue auxiliaire internationale),Interlingua,Redirected to EN,Redirected to EN,0
inc,,Indic languages,"indo-aryennes, langues",Indoarische Sprachen (Andere),N/A,Redirected to EN,0
ind,id,Indonesian,indonésien,Bahasa Indonesia,Exists,Redirected to EN,1
ine,,Indo-European languages,"indo-européennes, langues",Indogermanische Sprachen (Andere),N/A,Redirected to EN,0
inh,,Ingush,ingouche,Inguschisch,N/A,Redirected to EN,0
ipk,ik,Inupiaq,inupiaq,Inupik,Redirected to EN,Redirected to EN,0
ira,,Iranian languages,"iraniennes, langues",Iranische Sprachen (Andere),N/A,Redirected to EN,0
iro,,Iroquoian languages,"iroquoises, langues",Irokesische Sprachen,N/A,Redirected to EN,0
ice (B)isl (T),is,Icelandic,islandais,Isländisch,Exists,Redirected to EN,1
ita,it,Italian,italien,Italienisch,Exists,Redirected to EN,1
jav,jv,Javanese,javanais,Javanisch,Exists,Exists,1
jbo,,Lojban,lojban,Lojban,N/A,Redirected to EN,0
jpn,ja,Japanese,japonais,Japanisch,Exists,Redirected to EN,1
jpr,,Judeo-Persian,judéo-persan,Jüdisch-Persisch,N/A,Redirected to EN,0
jrb,,Judeo-Arabic,judéo-arabe,Jüdisch-Arabisch,N/A,Redirected to EN,0
kaa,,Kara-Kalpak,karakalpak,Karakalpakisch,N/A,Exists,1
kab,,Kabyle,kabyle,Kabylisch,N/A,Exists,1
kac,,Kachin; Jingpho,kachin; jingpho,Kachin-Sprache,N/A,Exists,1
kal,kl,Kalaallisut; Greenlandic,groenlandais,Grönländisch,Exists,Redirected to EN,1
kam,,Kamba,kamba,Kamba-Sprache,N/A,Exists,1
kan,kn,Kannada,kannada,Kannada,Exists,Redirected to EN,1
kar,,Karen languages,"karen, langues",Karenisch,N/A,Redirected to EN,0
kas,ks,Kashmiri,kashmiri,Kaschmiri,Redirected to EN,Redirected to EN,0
geo (B)kat (T),ka,Georgian,géorgien,Georgisch,Exists,Redirected to EN,1
kau,kr,Kanuri,kanouri,Kanuri-Sprache,Redirected to EN,Redirected to EN,0
kaw,,Kawi,kawi,Kawi,N/A,Redirected to EN,0
kaz,kk,Kazakh,kazakh,Kasachisch,Exists,Redirected to EN,1
kbd,,Kabardian,kabardien,Kabardinisch,N/A,Exists,1
kha,,Khasi,khasi,Khasi-Sprache,N/A,Exists,1
khi,,Khoisan languages,"khoïsan, langues",Khoisan-Sprachen (Andere),N/A,Redirected to EN,0
khm,km,Central Khmer,khmer central,Kambodschanisch,Exists,Redirected to EN,1
kho,,Khotanese; Sakan,khotanais; sakan,Sakisch,N/A,Redirected to EN,0
kik,ki,Kikuyu; Gikuyu,kikuyu,Kikuyu-Sprache,Exists,Redirected to EN,1
kin,rw,Kinyarwanda,rwanda,Rwanda-Sprache,Exists,Redirected to EN,1
kir,ky,Kirghiz; Kyrgyz,kirghiz,Kirgisisch,Exists,Redirected to EN,1
kmb,,Kimbundu,kimbundu,Kimbundu-Sprache,N/A,Exists,1
kok,,Konkani (macrolanguage),konkani,Konkani,N/A,Redirected to https://wol.jw.org/knn/wol/h/r855/lp-kn,0
kom,kv,Komi,kom,Komi-Sprache,Redirected to EN,Redirected to EN,0
kon,kg,Kongo,kongo,Kongo-Sprache,Exists,Redirected to EN,1
kor,ko,Korean,coréen,Koreanisch,Exists,Redirected to EN,1
kos,,Kosraean,kosrae,Kosraeanisch,N/A,Exists,1
kpe,,Kpelle,kpellé,Kpelle-Sprache,N/A,Redirected to https://wol.jw.org/gkp/wol/h/r777/lp-grz,0
krc,,Karachay-Balkar,karatchai balkar,Karatschaiisch-Balkarisch,N/A,Exists,1
krl,,Karelian,carélien,Karelisch,N/A,Redirected to EN,0
kro,,Kru languages,"krou, langues",Kru-Sprachen (Andere),N/A,Redirected to EN,0
kru,,Kurukh,kurukh,Oraon-Sprache,N/A,Redirected to EN,0
kua,kj,Kuanyama; Kwanyama,kuanyama; kwanyama,Kwanyama-Sprache,Exists,Redirected to EN,1
kum,,Kumyk,koumyk,Kumükisch,N/A,Exists,1
kur,ku,Kurdish,kurde,Kurdisch,Redirected to https://wol.jw.org/kmr-x-rd/wol/h/r361/lp-rd,Redirected to EN,0
kut,,Kutenai,kutenai,Kutenai-Sprache,N/A,Redirected to EN,0
lad,,Ladino,judéo-espagnol,Judenspanisch,N/A,Redirected to EN,0
lah,,Lahnda,lahnda,Lahnda,N/A,Redirected to EN,0
lam,,Lamba,lamba,Lamba-Sprache (Bantusprache),N/A,Exists,1
lao,lo,Lao,lao,Laotisch,Exists,Redirected to EN,1
lat,la,Latin,latin,Latein,Redirected to EN,Redirected to EN,0
lav,lv,Latvian,letton,Lettisch,Exists,Redirected to EN,1
lez,,Lezghian,lezghien,Lesgisch,N/A,Exists,1
lim,li,Limburgan; Limburger; Limburgish,limbourgeois,Limburgisch,Redirected to EN,Redirected to EN,0
lin,ln,Lingala,lingala,Lingala,Exists,Redirected to EN,1
lit,lt,Lithuanian,lituanien,Litauisch,Exists,Redirected to EN,1
lol,,Mongo,mongo,Mongo-Sprache,N/A,Redirected to EN,0
loz,,Lozi,lozi,Rotse-Sprache,N/A,Exists,1
ltz,lb,Luxembourgish; Letzeburgesch,luxembourgeois,Luxemburgisch,Exists,Redirected to EN,1
lua,,Luba-Lulua,luba-lulua,Lulua-Sprache,N/A,Exists,1
lub,lu,Luba-Katanga,luba-katanga,Luba-Katanga-Sprache,Exists,Redirected to EN,1
lug,lg,Ganda,ganda,Ganda-Sprache,Exists,Redirected to EN,1
lui,,Luiseno,luiseno,Luiseño-Sprache,N/A,Redirected to EN,0
lun,,Lunda,lunda,Lunda-Sprache,N/A,Exists,1
luo,,Luo (Kenya and Tanzania),luo (Kenya et Tanzanie),Luo-Sprache,N/A,Exists,1
lus,,Lushai,lushai,Lushai-Sprache,N/A,Exists,1
mac (B)mkd (T),mk,Macedonian,macédonien,Makedonisch,Exists,Redirected to EN,1
mad,,Madurese,madourais,Maduresisch,N/A,Exists,1
mag,,Magahi,magahi,Khotta,N/A,Redirected to EN,0
mah,mh,Marshallese,marshall,Marschallesisch,Exists,Redirected to EN,1
mai,,Maithili,maithili,Maithili,N/A,Exists,1
mak,,Makasar,makassar,Makassarisch,N/A,Redirected to EN,0
mal,ml,Malayalam,malayalam,Malayalam,Exists,Redirected to EN,1
man,,Mandingo,mandingue,Malinke-Sprache,N/A,Redirected to EN,0
mao (B)mri (T),mi,Maori,maori,Maori-Sprache,Exists,Redirected to EN,1
map,,Austronesian languages,"austronésiennes, langues",Austronesische Sprachen (Andere),N/A,Redirected to EN,0
mar,mr,Marathi,marathe,Marathi,Exists,Redirected to EN,1
mas,,Masai,massaï,Massai-Sprache,N/A,Exists,1
may (B)msa (T),ms,Malay (macrolanguage),malais,Malaiisch,Exists,Redirected to EN,1
mdf,,Moksha,moksa,Mokscha-Sprache,N/A,Exists,1
mdr,,Mandar,mandar,Mandaresisch,N/A,Redirected to EN,0
men,,Mende,mendé,Mende-Sprache,N/A,Exists,1
mga,,"Irish, Middle (900-1200)",irlandais moyen (900-1200),Mittelirisch,N/A,Redirected to EN,0
mic,,Mi'kmaq; Micmac,mi'kmaq; micmac,Micmac-Sprache,N/A,Redirected to EN,0
min,,Minangkabau,minangkabau,Minangkabau-Sprache,N/A,Redirected to EN,0
mis,,Uncoded languages,langues non codées,Einzelne andere Sprachen,N/A,Redirected to EN,0
mac (B)mkd (T),mk,Macedonian,macédonien,Makedonisch,Exists,Redirected to EN,1
mkh,,Mon-Khmer languages,"môn-khmer, langues",Mon-Khmer-Sprachen (Andere),N/A,Redirected to EN,0
mlg,mg,Malagasy,malgache,Malagassi-Sprache,Exists,Redirected to EN,1
mlt,mt,Maltese,maltais,Maltesisch,Exists,Redirected to EN,1
mnc,,Manchu,mandchou,Mandschurisch,N/A,Redirected to EN,0
mni,,Manipuri,manipuri,Meithei-Sprache,N/A,Exists,1
mno,,Manobo languages,"manobo, langues",Manobo-Sprachen,N/A,Redirected to EN,0
moh,,Mohawk,mohawk,Mohawk-Sprache,N/A,Exists,1
mon,mn,Mongolian,mongol,Mongolisch,Exists,Redirected to EN,1
mos,,Mossi,moré,Mossi-Sprache,N/A,Exists,1
mao (B)mri (T),mi,Maori,maori,Maori-Sprache,Exists,Redirected to EN,1
may (B)msa (T),ms,Malay (macrolanguage),malais,Malaiisch,Exists,Redirected to EN,1
mul,,Multiple languages,multilingue,Mehrere Sprachen,N/A,Redirected to EN,0
mun,,Munda languages,"mounda, langues",Mundasprachen (Andere),N/A,Redirected to EN,0
mus,,Creek,muskogee,Muskogisch,N/A,Redirected to EN,0
mwl,,Mirandese,mirandais,Mirandesisch,N/A,Redirected to EN,0
mwr,,Marwari,marvari,Marwari,N/A,Redirected to EN,0
bur (B)mya (T),my,Burmese,birman,Birmanisch,Exists,Redirected to EN,1
myn,,Mayan languages,"maya, langues",Maya-Sprachen,N/A,Redirected to EN,0
myv,,Erzya,erza,Erza-Mordwinisch,N/A,Exists,1
nah,,Nahuatl languages,"nahuatl, langues",Nahuatl,N/A,Redirected to EN,0
nai,,North American Indian languages,"nord-amérindiennes, langues","Indianersprachen, Nordamerika (Andere)",N/A,Redirected to EN,0
nap,,Neapolitan,napolitain,Neapel / Mundart,N/A,Redirected to EN,0
nau,na,Nauru,nauruan,Nauruanisch,Redirected to EN,Redirected to EN,0
nav,nv,Navajo; Navaho,navaho,Navajo-Sprache,Exists,Redirected to EN,1
nbl,nr,South Ndebele,ndébélé du Sud,Ndebele-Sprache (Transvaal),Exists,Redirected to EN,1
nde,nd,North Ndebele,ndébélé du Nord,Ndebele-Sprache (Simbabwe),Exists,Redirected to EN,1
ndo,ng,Ndonga,ndonga,Ndonga,Exists,Redirected to EN,1
nds,,"Low German; Low Saxon; German, Low; Saxon, Low","bas allemand; bas saxon; allemand, bas; saxon, bas",Niederdeutsch,N/A,Exists,1
nep,ne,Nepali (macrolanguage),népalais,Nepali,Exists,Redirected to EN,1
new,,Nepal Bhasa; Newar; Newari,nepal bhasa; néwar; newari,Newari,N/A,Exists,1
nia,,Nias,nias,Nias-Sprache,N/A,Exists,1
nic,,Niger-Kordofanian languages,"nigéro-kordofaniennes, langues",Nigerkordofanische Sprachen (Andere),N/A,Redirected to EN,0
niu,,Niuean,niué,Niue-Sprache,N/A,Exists,1
dut (B)nld (T),nl,Dutch; Flemish,néerlandais; flamand,Niederländisch,Exists,Redirected to EN,1
nno,nn,Norwegian Nynorsk,"norvégien nynorsk; nynorsk, norvégien",Nynorsk,Redirected to EN,Redirected to EN,0
nob,nb,Norwegian Bokmål,norvégien bokmål,Bokmål,Redirected to EN,Redirected to EN,0
nog,,Nogai,nogaï; nogay,Nogaisch,N/A,Redirected to EN,0
non,,"Norse, Old","norrois, vieux",Altnorwegisch,N/A,Redirected to EN,0
nor,no,Norwegian,norvégien,Norwegisch,Exists,Redirected to EN,1
nqo,,N'Ko,n'ko,N'Ko,N/A,Redirected to EN,0
nso,,Pedi; Sepedi; Northern Sotho,pedi; sepedi; sotho du Nord,Pedi-Sprache,N/A,Exists,1
nub,,Nubian languages,"nubiennes, langues",Nubische Sprachen,N/A,Redirected to EN,0
nwc,,Classical Newari; Old Newari; Classical Nepal Bhasa,newari classique,Alt-Newari,N/A,Redirected to EN,0
nya,ny,Chichewa; Chewa; Nyanja,chichewa; chewa; nyanja,Nyanja-Sprache,Exists,Exists,1
nym,,Nyamwezi,nyamwezi,Nyamwezi-Sprache,N/A,Redirected to EN,0
nyn,,Nyankole,nyankolé,Nkole-Sprache,N/A,Exists,1
nyo,,Nyoro,nyoro,Nyoro-Sprache,N/A,Redirected to EN,0
nzi,,Nzima,nzema,Nzima-Sprache,N/A,Exists,1
oci,oc,Occitan (post 1500),occitan (après 1500),Okzitanisch,Redirected to EN,Redirected to EN,0
oji,oj,Ojibwa,ojibwa,Ojibwa-Sprache,Redirected to https://wol.jw.org/ojb-x-nor/wol/h/r335/lp-nor,Redirected to EN,0
ori,or,Oriya (macrolanguage),oriya,Oriya-Sprache,Exists,Redirected to EN,1
orm,om,Oromo,galla,Galla-Sprache,Exists,Redirected to EN,1
osa,,Osage,osage,Osage-Sprache,N/A,Redirected to EN,0
oss,os,Ossetian; Ossetic,ossète,Ossetisch,Exists,Exists,1
ota,,"Turkish, Ottoman (1500-1928)",turc ottoman (1500-1928),Osmanisch,N/A,Redirected to EN,0
oto,,Otomian languages,"otomi, langues",Otomangue-Sprachen,N/A,Redirected to EN,0
paa,,Papuan languages,"papoues, langues",Papuasprachen (Andere),N/A,Redirected to EN,0
pag,,Pangasinan,pangasinan,Pangasinan-Sprache,N/A,Exists,1
pal,,Pahlavi,pahlavi,Mittelpersisch,N/A,Redirected to EN,0
pam,,Pampanga; Kapampangan,pampangan,Pampanggan-Sprache,N/A,Redirected to EN,0
pan,pa,Panjabi; Punjabi,pendjabi,Pandschabi-Sprache,Exists,Redirected to EN,1
pap,,Papiamento,papiamento,Papiamento,N/A,Exists,1
pau,,Palauan,palau,Palau-Sprache,N/A,Exists,1
peo,,"Persian, Old (ca.600-400 B.C.)","perse, vieux (ca. 600-400 av. J.-C.)",Altpersisch,N/A,Redirected to EN,0
per (B)fas (T),fa,Persian,persan,Persisch,Exists,Redirected to EN,1
phi,,Philippine languages,"philippines, langues",Philippinisch-Austronesisch (Andere),N/A,Redirected to EN,0
phn,,Phoenician,phénicien,Phönikisch,N/A,Redirected to EN,0
pli,pi,Pali,pali,Pali,Redirected to EN,Redirected to EN,0
pol,pl,Polish,polonais,Polnisch,Exists,Redirected to EN,1
pon,,Pohnpeian,pohnpei,Ponapeanisch,N/A,Exists,1
por,pt,Portuguese,portugais,Portugiesisch,Exists,Redirected to EN,1
pra,,Prakrit languages,"prâkrit, langues",Prakrit,N/A,Redirected to EN,0
pro,,"Provençal, Old (to 1500);Occitan, Old (to 1500)",provençal ancien (jusqu'à 1500); occitan ancien (jusqu'à 1500),Altokzitanisch,N/A,Redirected to EN,0
pus,ps,Pushto; Pashto,pachto,Paschtu,Exists,Redirected to EN,1
qaa-qtz,,Reserved for local use,réservée à l'usage local,Reserviert für lokale Verwendung,N/A,Redirected to EN,0
que,qu,Quechua,quechua,Quechua-Sprache,Exists,Exists,1
raj,,Rajasthani,rajasthani,Rajasthani,N/A,Redirected to EN,0
rap,,Rapanui,rapanui,Osterinsel-Sprache,N/A,Exists,1
rar,,Rarotongan; Cook Islands Maori,rarotonga; maori des îles Cook,Rarotonganisch,N/A,Exists,1
roa,,Romance languages,"romanes, langues",Romanische Sprachen (Andere),N/A,Redirected to EN,0
roh,rm,Romansh,romanche,Rätoromanisch,Redirected to https://wol.jw.org/rm-x-rh/wol/h/r1103/lp-rh,Redirected to EN,0
rom,,Romany,tsigane,Romani (Sprache),N/A,Redirected to https://wol.jw.org/rmn-x-rm/wol/h/r375/lp-rm,0
rum (B)ron (T),ro,Romanian; Moldavian; Moldovan,roumain; moldave,Rumänisch,Exists,Redirected to EN,1
rum (B)ron (T),ro,Romanian; Moldavian; Moldovan,roumain; moldave,Rumänisch,Exists,Redirected to EN,1
run,rn,Rundi,rundi,Rundi-Sprache,Exists,Exists,1
rup,,Aromanian; Arumanian; Macedo-Romanian,aroumain; macédo-roumain,Aromunisch,N/A,Redirected to EN,0
rus,ru,Russian,russe,Russisch,Exists,Redirected to EN,1
sad,,Sandawe,sandawe,Sandawe-Sprache,N/A,Redirected to EN,0
sag,sg,Sango,sango,Sango-Sprache,Exists,Redirected to EN,1
sah,,Yakut,iakoute,Jakutisch,N/A,Exists,1
sai,,South American Indian languages,"sud-amérindiennes, langues","Indianersprachen, Südamerika (Andere)",N/A,Redirected to EN,0
sal,,Salishan languages,"salishennes, langues",Salish-Sprache,N/A,Redirected to EN,0
sam,,Samaritan Aramaic,samaritain,Samaritanisch,N/A,Redirected to EN,0
san,sa,Sanskrit,sanskrit,Sanskrit,Redirected to EN,Redirected to EN,0
sas,,Sasak,sasak,Sasak,N/A,Redirected to EN,0
sat,,Santali,santal,Santali,N/A,Exists,1
scn,,Sicilian,sicilien,Sizilianisch,N/A,Redirected to EN,0
sco,,Scots,écossais,Schottisch,N/A,Redirected to EN,0
sel,,Selkup,selkoupe,Selkupisch,N/A,Redirected to EN,0
sem,,Semitic languages,"sémitiques, langues",Semitische Sprachen (Andere),N/A,Redirected to EN,0
sga,,"Irish, Old (to 900)",irlandais ancien (jusqu'à 900),Altirisch,N/A,Redirected to EN,0
sgn,,Sign Languages,langues des signes,Zeichensprachen,N/A,Redirected to https://wol.jw.org/sgn-bi/wol/h/r1268/lp-brs,0
shn,,Shan,chan,Schan-Sprache,N/A,Exists,1
sid,,Sidamo,sidamo,Sidamo-Sprache,N/A,Exists,1
sin,si,Sinhala; Sinhalese,singhalais,Singhalesisch,Exists,Redirected to EN,1
sio,,Siouan languages,"sioux, langues",Sioux-Sprachen (Andere),N/A,Redirected to EN,0
sit,,Sino-Tibetan languages,"sino-tibétaines, langues",Sinotibetische Sprachen (Andere),N/A,Redirected to EN,0
sla,,Slavic languages,"slaves, langues",Slawische Sprachen (Andere),N/A,Redirected to EN,0
slo (B)slk (T),sk,Slovak,slovaque,Slowakisch,Exists,Redirected to EN,1
slo (B)slk (T),sk,Slovak,slovaque,Slowakisch,Exists,Redirected to EN,1
slv,sl,Slovenian,slovène,Slowenisch,Exists,Redirected to EN,1
sma,,Southern Sami,sami du Sud,Südsaamisch,N/A,Redirected to EN,0
sme,se,Northern Sami,sami du Nord,Nordsaamisch,Exists,Redirected to EN,1
smi,,Sami languages,"sames, langues",Saamisch,N/A,Redirected to EN,0
smj,,Lule Sami,sami de Lule,Lulesaamisch,N/A,Redirected to EN,0
smn,,Inari Sami,sami d'Inari,Inarisaamisch,N/A,Redirected to EN,0
smo,sm,Samoan,samoan,Samoanisch,Exists,Redirected to EN,1
sms,,Skolt Sami,sami skolt,Skoltsaamisch,N/A,Redirected to EN,0
sna,sn,Shona,shona,Schona-Sprache,Exists,Redirected to EN,1
snd,sd,Sindhi,sindhi,Sindhi-Sprache,Redirected to https://wol.jw.org/sd-deva/wol/h/r1329/lp-ndv,Redirected to EN,0
snk,,Soninke,soninké,Soninke-Sprache,N/A,Redirected to EN,0
sog,,Sogdian,sogdien,Sogdisch,N/A,Redirected to EN,0
som,so,Somali,somali,Somali,Exists,Redirected to EN,1
son,,Songhai languages,"songhai, langues",Songhai-Sprache,N/A,Redirected to EN,0
sot,st,"Sotho, Southern",sotho du Sud,Süd-Sotho-Sprache,Exists,Redirected to EN,1
spa,es,Spanish; Castilian,espagnol; castillan,Spanisch,Exists,Redirected to EN,1
alb (B)sqi (T),sq,Albanian,albanais,Albanisch,Exists,Redirected to EN,1
srd,sc,Sardinian,sarde,Sardisch,Redirected to EN,Redirected to EN,0
srn,,Sranan Tongo,sranan tongo,Sranantongo,N/A,Exists,1
srp,sr,Serbian,serbe,Serbisch,Redirected to https://wol.jw.org/sr-cyrl/wol/h/r54/lp-sb,Redirected to EN,0
srr,,Serer,sérère,Serer-Sprache,N/A,Exists,1
ssa,,Nilo-Saharan languages,"nilo-sahariennes, langues",Nilosaharanische Sprachen (Andere),N/A,Redirected to EN,0
ssw,ss,Swati,swati,Swasi-Sprache,Exists,Redirected to EN,1
suk,,Sukuma,sukuma,Sukuma-Sprache,N/A,Exists,1
sun,su,Sundanese,soundanais,Sundanesisch,Exists,Redirected to EN,1
sus,,Susu,soussou,Susu,N/A,Exists,1
sux,,Sumerian,sumérien,Sumerisch,N/A,Redirected to EN,0
swa,sw,Swahili (macrolanguage),swahili,Swahili,Exists,Exists,1
swe,sv,Swedish,suédois,Schwedisch,Exists,Redirected to EN,1
syc,,Classical Syriac,syriaque classique,Syrisch,N/A,Redirected to EN,0
syr,,Syriac,syriaque,Neuostaramäisch,N/A,Redirected to EN,0
tah,ty,Tahitian,tahitien,Tahitisch,Exists,Redirected to EN,1
tai,,Tai languages,"tai, langues",Thaisprachen (Andere),N/A,Redirected to EN,0
tam,ta,Tamil,tamoul,Tamil,Exists,Redirected to EN,1
tat,tt,Tatar,tatar,Tatarisch,Exists,Redirected to EN,1
tel,te,Telugu,télougou,Telugu-Sprache,Exists,Redirected to EN,1
tem,,Timne,temne,Temne-Sprache,N/A,Redirected to EN,0
ter,,Tereno,tereno,Tereno-Sprache,N/A,Exists,1
tet,,Tetum,tetum,Tetum-Sprache,N/A,Exists,1
tgk,tg,Tajik,tadjik,Tadschikisch,Exists,Redirected to EN,1
tgl,tl,Tagalog,tagalog,Tagalog,Exists,Redirected to EN,1
tha,th,Thai,thaï,Thailändisch,Exists,Redirected to EN,1
tib (B)bod (T),bo,Tibetan,tibétain,Tibetisch,Exists,Redirected to EN,1
tig,,Tigre,tigré,Tigre-Sprache,N/A,Redirected to EN,0
tir,ti,Tigrinya,tigrigna,Tigrinja-Sprache,Exists,Redirected to EN,1
tiv,,Tiv,tiv,Tiv-Sprache,N/A,Exists,1
tkl,,Tokelau,tokelau,Tokelauanisch,N/A,Exists,1
tlh,,Klingon; tlhIngan-Hol,klingon,Klingonisch,N/A,Redirected to EN,0
tli,,Tlingit,tlingit,Tlingit-Sprache,N/A,Redirected to EN,0
tmh,,Tamashek,tamacheq,Tamaeq,N/A,Redirected to EN,0
tog,,Tonga (Nyasa),tonga (Nyasa),"Tonga (Bantusprache, Sambia)",N/A,Exists,1
ton,to,Tonga (Tonga Islands),tongan (Îles Tonga),Tongaisch,Exists,Redirected to EN,1
tpi,,Tok Pisin,tok pisin,Neumelanesisch,N/A,Exists,1
tsi,,Tsimshian,tsimshian,Tsimshian-Sprache,N/A,Redirected to EN,0
tsn,tn,Tswana,tswana,Tswana-Sprache,Exists,Redirected to EN,1
tso,ts,Tsonga,tsonga,Tsonga-Sprache,Exists,Redirected to https://wol.jw.org/tso-zw/wol/h/r667/lp-cga,1
tuk,tk,Turkmen,turkmène,Turkmenisch,Exists,Redirected to EN,1
tum,,Tumbuka,tumbuka,Tumbuka-Sprache,N/A,Exists,1
tup,,Tupi languages,"tupi, langues",Tupi-Sprache,N/A,Redirected to EN,0
tur,tr,Turkish,turc,Türkisch,Exists,Redirected to EN,1
tut,,Altaic languages,"altaïques, langues",Altaische Sprachen (Andere),N/A,Redirected to EN,0
tvl,,Tuvalu,tuvalu,Elliceanisch,N/A,Exists,1
twi,tw,Twi,twi,Twi-Sprache,Exists,Exists,1
tyv,,Tuvinian,touva,Tuwinisch,N/A,Exists,1
udm,,Udmurt,oudmourte,Udmurtisch,N/A,Exists,1
uga,,Ugaritic,ougaritique,Ugaritisch,N/A,Redirected to EN,0
uig,ug,Uighur; Uyghur,ouïgour,Uigurisch,Redirected to https://wol.jw.org/ug-cyrl/wol/h/r264/lp-ug,Redirected to EN,0
ukr,uk,Ukrainian,ukrainien,Ukrainisch,Exists,Redirected to EN,1
umb,,Umbundu,umbundu,Mbundu-Sprache,N/A,Exists,1
und,,Undetermined,indéterminée,Nicht zu entscheiden,N/A,Redirected to EN,0
urd,ur,Urdu,ourdou,Urdu,Exists,Redirected to EN,1
uzb,uz,Uzbek,ouszbek,Usbekisch,Redirected to https://wol.jw.org/uz-cyrl/wol/h/r42/lp-uz,Redirected to EN,0
vai,,Vai,vaï,Vai-Sprache,N/A,Redirected to EN,0
ven,ve,Venda,venda,Venda-Sprache,Exists,Redirected to EN,1
vie,vi,Vietnamese,vietnamien,Vietnamesisch,Exists,Redirected to EN,1
vol,vo,Volapük,volapük,Volapük,Redirected to EN,Redirected to EN,0
vot,,Votic,vote,Wotisch,N/A,Redirected to EN,0
wak,,Wakashan languages,"wakashanes, langues",Wakash-Sprachen,N/A,Redirected to EN,0
wal,,Wolaitta; Wolaytta,wolaitta; wolaytta,Walamo-Sprache,N/A,Exists,1
war,,Waray,waray,Waray,N/A,Exists,1
was,,Washo,washo,Washo-Sprache,N/A,Redirected to EN,0
wel (B)cym (T),cy,Welsh,gallois,Kymrisch,Exists,Redirected to EN,1
wen,,Sorbian languages,"sorabes, langues",Sorbisch (Andere),N/A,Redirected to EN,0
wln,wa,Walloon,wallon,Wallonisch,Redirected to EN,Redirected to EN,0
wol,wo,Wolof,wolof,Wolof-Sprache,Exists,Redirected to EN,1
xal,,Kalmyk; Oirat,kalmouk; oïrat,Kalmückisch,N/A,Exists,1
xho,xh,Xhosa,xhosa,Xhosa-Sprache,Exists,Redirected to EN,1
yao,,Yao,yao,Yao-Sprache (Bantusprache),N/A,Exists,1
yap,,Yapese,yapois,Yapesisch,N/A,Exists,1
yid,yi,Yiddish,yiddish,Jiddisch,Redirected to EN,Redirected to EN,0
yor,yo,Yoruba,yoruba,Yoruba-Sprache,Exists,Redirected to EN,1
ypk,,Yupik languages,"yupik, langues",Ypik-Sprachen,N/A,Redirected to EN,0
zap,,Zapotec,zapotèque,Zapotekisch,N/A,Redirected to https://wol.jw.org/zpj/wol/h/r1261/lp-zpc,0
zbl,,Blissymbols; Blissymbolics; Bliss,symboles Bliss; Bliss,Bliss-Symbol,N/A,Redirected to EN,0
zen,,Zenaga,zenaga,Zenaga,N/A,Redirected to EN,0
zgh,,Standard Moroccan Tamazight,amazighe standard marocain,,N/A,Redirected to EN,0
zha,za,Zhuang; Chuang,zhuang; chuang,Zhuang,Redirected to EN,Redirected to EN,0
chi (B)zho (T),zh,Chinese,chinois,Chinesisch,Redirected to https://wol.jw.org/cmn-hant/wol/h/r24/lp-ch,Redirected to EN,0
znd,,Zande languages,"zandé, langues",Zande-Sprachen,N/A,Redirected to EN,0
zul,zu,Zulu,zoulou,Zulu-Sprache,Exists,Redirected to EN,1
zun,,Zuni,zuni,Zuñi-Sprache,N/A,Redirected to EN,0
zxx,,No linguistic content; Not applicable,pas de contenu linguistique; non applicable,Kein linguistischer Inhalt,N/A,Redirected to EN,0
zza,,Zaza; Dimili; Dimli; Kirdki; Kirmanjki; Zazaki,zaza; dimili; dimli; kirdki; kirmanjki; zazaki,Zazaki,N/A,Redirected to EN,0
Library of Congress>>Standards,Legal|External Link Disclaimer,"Contact 
            UsJune 11, 2025",,,Redirected to EN,Redirected to EN,0
